{
	"cloudfunctionRoot": "cloudfunctions/",
	"miniprogramRoot": "miniprogram/",
	"description": "项目配置文件，详见文档：https://developers.weixin.qq.com/miniprogram/dev/devtools/projectconfig.html",
	"packOptions": {
		"ignore": [],
		"include": []
	},
	"setting": {
		"urlCheck": true,
		"es6": true,
		"enhance": true,
		"postcss": true,
		"preloadBackgroundData": false,
		"minified": true,
		"newFeature": false,
		"coverView": true,
		"nodeModules": false,
		"autoAudits": false,
		"showShadowRootInWxmlPanel": true,
		"scopeDataCheck": false,
		"uglifyFileName": false,
		"checkInvalidKey": true,
		"checkSiteMap": false,
		"uploadWithSourceMap": true,
		"compileHotReLoad": false,
		"lazyloadPlaceholderEnable": false,
		"useMultiFrameRuntime": true,
		"useApiHook": true,
		"useApiHostProcess": true,
		"babelSetting": {
			"ignore": [],
			"disablePlugins": [],
			"outputPath": ""
		},
		"enableEngineNative": false,
		"useIsolateContext": true,
		"userConfirmedBundleSwitch": false,
		"packNpmManually": false,
		"packNpmRelationList": [],
		"minifyWXSS": true,
		"showES6CompileOption": false,
		"useSummerCompiler": false,
		"minifyWXML": true,
		"disableUseStrict": false,
		"useCompilerPlugins": false,
		"useStaticServer": true
	},
	"compileType": "miniprogram",
	"libVersion": "2.19.1",
	"appid": "wx99ab492f554ef08f",
	"projectname": "%E6%B4%BB%E5%8A%A8%E6%8A%A5%E5%90%8D",
	"condition": {},
	"srcMiniprogramRoot": "miniprogram/",
	"editorSetting": {
		"tabIndent": "tab",
		"tabSize": 2
	}
}